{
    "loss": 0.11828914284706116,
    "accuracy": 0.9803921580314636
}